GPA,Gender,breakfast,calories_chicken,calories_day,calories_scone,coffee,comfort_food,cook,comfort_food_reasons_coded,cuisine,diet_current_coded,drink,eating_changes_coded,eating_out,employment,ethnic_food,exercise,father_education,father_profession,fav_cuisine_coded,fav_food,food_childhood,fries,fruit_day,grade_level,greek_food,healthy_feeling,healthy_meal,ideal_diet_coded,income,indian_food,italian_food,life_rewarding,marital_status,meals_dinner_friend,mother_education,mother_profession,nutritional_check,on_off_campus,parents_cook,pay_meal_out,persian_food,self_perception_weight,soup,sports,thai_food,tortilla_calories,turkey_calories,type_sports,veggies_day,vitamins,waffle_calories,weight
2.4,2,1,430,3.0,315.0,1,none,2.0,9,1.0,1,1.0,1,3,3.0,1,1.0,5.0,profesor ,3,1.0,rice  and chicken ,2,5,2,5,2,looks not oily ,8,5.0,5,5,1.0,1.0,"rice, chicken,  soup",1.0,unemployed,5,1.0,1,2,5.0,3.0,1.0,1.0,1,1165.0,345,car racing,5,1,1315,187.0
3.654,1,1,610,3.0,420.0,2,"chocolate, chips, ice cream",3.0,1,1.0,2,2.0,2,2,2.0,4,1.0,2.0,Self employed ,1,1.0,"chicken and biscuits, beef soup, baked beans",1,4,4,4,5,"Grains, Veggies, (more of grains and veggies), small protein and fruit with dairy ",3,4.0,4,4,1.0,2.0,"Pasta, steak, chicken ",4.0,Nurse RN ,4,1.0,1,4,4.0,3.0,1.0,1.0,2,725.0,690,Basketball ,4,2,900,155.0
3.3,1,1,720,4.0,420.0,2,"frozen yogurt, pizza, fast food",1.0,1,3.0,3,1.0,3,2,3.0,5,2.0,2.0,owns business,1,3.0,"mac and cheese, pizza, tacos",1,5,3,5,6,usually includes natural ingredients; nonprocessed food,6,6.0,5,5,7.0,2.0,"chicken and rice with veggies, pasta, some kind of healthy recipe",2.0,owns business,4,2.0,1,3,5.0,6.0,1.0,2.0,5,1165.0,500,none,5,1,900,159.04918032786884
3.2,1,1,430,3.0,420.0,2,"Pizza, Mac and cheese, ice cream",2.0,2,2.0,2,2.0,3,2,3.0,5,3.0,2.0,Mechanic ,3,1.0,"Beef stroganoff, tacos, pizza",2,4,4,5,7,"Fresh fruits& vegetables, organic meats ",2,6.0,5,5,2.0,2.0,"Grilled chicken Stuffed ShellsHomemade Chili",4.0,Special Education Teacher,2,1.0,1,2,5.0,5.0,1.0,2.0,5,725.0,690,,3,1,1315,240.0
3.5,1,1,720,2.0,420.0,2,"Ice cream, chocolate, chips ",1.0,1,2.0,2,2.0,4,2,2.0,4,1.0,4.0,IT,1,3.0,"Pasta, chicken tender, pizza ",1,4,4,4,6,"A lean protein such as grilled chicken, green vegetables and  brown rice or other whole grain ",2,6.0,2,5,1.0,1.0,"Chicken Parmesan, Pulled Pork, Spaghetti and meatballs ",5.0,Substance Abuse Conselor,3,1.0,1,4,2.0,4.0,1.0,1.0,4,940.0,500,Softball,4,2,760,190.0
2.25,1,1,610,3.0,980.0,2,"Candy, brownies and soda.",3.0,4,1.0,2,2.0,3,1,3.0,4,2.0,1.0,Taxi Driver,6,3.0,"Fries, plaintain & fried fish",1,2,2,2,4,"Requires veggies, fruits and a cooked meal. ",2,1.0,5,5,4.0,2.0,Anything they'd want. I'd ask them before hand what they want to eat and it depends on which type of friend is coming.,1.0,Hair Braider,1,1.0,2,5,5.0,5.0,1.0,2.0,4,940.0,345,None.,1,2,1315,190.0
3.8,2,1,610,3.0,420.0,2,"Chocolate, ice cream, french fries, pretzels",2.0,1,1.0,3,1.0,5,2,3.0,5,1.0,4.0,Assembler ,4,1.0,"grilled chicken, hamburgers",1,4,4,5,4,"Protein, vegetables, fruit, and some carbs",2,4.0,5,5,8.0,1.0,"Grilled chicken, steak, pizza",4.0,Journalist,4,2.0,2,2,5.0,4.0,1.0,1.0,5,940.0,690,soccer,4,1,1315,180.0
3.3,1,1,720,3.0,420.0,1,"Ice cream, cheeseburgers, chips.",3.0,1,1.0,1,2.0,5,2,2.0,2,2.0,3.0,Business guy,5,1.0,"chicken, cheesey potatoes, and hot dogs",1,5,2,3,3,A healthy meal has a piece of meat followed by a lot of fruit and veggies,2,5.0,1,3,3.0,1.0,"chicken, steak, pasta ",2.0,cook,4,1.0,1,5,1.0,3.0,1.0,2.0,1,725.0,500,none,4,2,1315,137.0
3.3,1,1,430,3.0,420.0,1,"Donuts, ice cream, chips",3.0,2,1.0,1,1.0,8,5,2.0,5,1.0,5.0,High School Principal,1,3.0,"Shrimp, spaghetti",1,4,1,5,7,Colorful,6,5.0,5,5,8.0,2.0,"Pasta, Fish, Steak",5.0,Elementary School Teacher,2,1.0,2,3,5.0,4.0,2.0,2.0,5,725.0,345,none,3,2,760,180.0
3.3,1,1,430,3.0,315.0,2,"Mac and cheese, chocolate, and pasta ",3.0,1,1.0,1,1.0,3,3,3.0,5,1.0,5.0,commissioner of erie county ,1,1.0,"Pasta, Eggs, Pancakes ",1,5,1,5,3,Chicken and rice with a side of veggies. ,2,4.0,4,5,3.0,2.0,pasta salad and bread,5.0,Pharmaceutical rep,5,1.0,3,3,4.0,3.0,1.0,1.0,4,580.0,345,field hockey,5,1,900,125.0
3.5,1,1,610,3.0,980.0,2,"Pasta, grandma homemade chocolate cake anything homemade ",1.0,2,1.0,1,2.0,4,2,1.0,5,1.0,2.0,Idk,4,1.0,Chicken,1,5,3,1,9,"Chicken, and veggies ",7,3.0,1,5,8.0,1.0,"chicken al king, spaghetti, fish",4.0,Chidos Cleaners,2,3.0,1,2,2.0,1.0,1.0,1.0,2,940.0,345,soccer,5,2,900,116.0
3.904,1,1,720,4.0,420.0,2,"chocolate, pasta, soup, chips, popcorn",3.0,3,1.0,1,1.0,5,1,2.0,5,1.0,3.0,Home Marker ,1,1.0,Scalloped potatoes and ham ,1,5,2,5,1,"lean protein, veggies, fruit, complex carbs",2,5.0,5,5,1.0,2.0,"Chicken parm, Fish, Pasta dishes ",4.0,Court Reporter ,5,1.0,1,3,5.0,2.0,1.0,1.0,5,940.0,500,Running,5,1,900,110.0
3.4,2,1,430,3.0,420.0,2,"Cookies, popcorn, and chips",5.0,3,1.0,1,2.0,5,1,3.0,4,3.0,3.0,Shirt designer ,4,3.0,"Pizza, chicken wings, and corn on the cob ",1,4,1,3,9,A salad with a reasonable amount of dressing and a meat.,1,5.0,3,4,9.0,2.0,"Cereal, pizza, toast ",4.0,Child care provider ,2,1.0,2,2,3.0,5.0,2.0,1.0,3,940.0,500,Soccer and basketball ,3,2,575,264.0
3.6,1,1,610,3.0,420.0,2,"ice cream, cake, chocolate",2.0,1,1.0,2,2.0,3,4,2.0,5,2.0,2.0,business owner,1,1.0,"steak, lasagna, crab",1,5,3,4,8,Lots of vegetabls with some grains like rice. Also has lean meat such as fish or chicken.,2,5.0,3,5,10.0,2.0,"pasta, chicken, steak",4.0,business owner,2,2.0,2,3,3.0,3.0,1.0,1.0,5,1165.0,850,intramural volleyball,5,2,1315,123.0
3.1,2,1,610,3.0,420.0,2,"Pizza, fruit, spaghetti, chicken and Potatoes  ",3.0,2,1.0,1,2.0,4,2,3.0,4,2.0,4.0,Commidity trader ,4,3.0,Pizza,1,5,3,4,2,Green and not greasy,1,5.0,2,3,1.0,1.0,"Pizza, chicken and rice, roast beef.",4.0,Charity worker,2,2.0,2,3,1.0,3.0,1.0,1.0,4,940.0,500,Hockey,5,1,900,185.0
3.418652892561982,2,2,430,3.0,980.0,2,"cookies, donuts, candy bars",4.0,2,1.0,2,2.0,4,4,3.0,1,1.0,5.0,Hockey Coach,1,2.0,pizza,1,3,1,1,6,"chicken, veggies, rice",2,4.0,1,5,1.0,2.0,pizza buffalo chicken pasta,4.0,Librarian,1,1.0,2,3,1.0,2.0,2.0,1.0,1,940.0,345,Hockey,1,2,1315,180.0
4.0,1,1,265,3.0,420.0,1,"Saltfish, Candy and Kit Kat ",3.0,1,1.0,1,1.0,5,1,2.0,2,2.0,1.0,Construction ,7,1.0,"Curry, Stew Chicken and Saltfish",1,5,1,2,7,"Not too much carbs, a lot of protein, healthy fats and fruits and vegs ",2,1.0,5,3,9.0,2.0,"Curry goat, saltfish, jerk chicken ",2.0,Police,4,1.0,2,2,2.0,3.0,1.0,2.0,1,580.0,345,,5,1,760,145.0
3.6,2,1,430,3.0,980.0,2,"chips, cookies, ice cream",3.0,2,1.0,3,2.0,2,2,3.0,4,1.0,2.0,self employed construction ,5,3.0,"chicken fingers, steak, mac and cheese",1,3,1,3,8,"for me usually a big piece of chicken or steak with a side of veggies, and i usually have rice with mine as well",1,6.0,3,5,7.0,2.0,Grilled chicken or steak with veggies and rice. or some type of pasta and chicken ,2.0,stay at home mom,4,1.0,1,6,2.0,2.0,1.0,1.0,3,940.0,500,hockey,4,2,900,170.0
3.4,1,1,720,3.0,980.0,1,"Chocolate, ice crea ",3.0,3,1.0,1,1.0,6,3,2.0,1,3.0,5.0,Engineer,5,3.0,Chicken,1,5,2,3,6,Everything from food group ,2,5.0,1,5,9.0,2.0,"Spaghetti, Chicken, Steak",3.0,Daycare provider,2,1.0,1,2,1.0,3.0,2.0,2.0,1,1165.0,690,dancing ,5,1,1315,135.0
2.2,2,1,430,2.0,420.0,2,"pizza, wings, Chinese",4.0,2,1.0,2,2.0,4,2,3.0,3,2.0,5.0,architect,1,1.0,manacotti,1,2,1,3,4,"lots of fruits and vegitibles, not any fried foods",3,5.0,2,5,7.0,1.0,"chicken, manicotti, rice",4.0,physical therapist,1,1.0,1,3,3.0,4.0,1.0,1.0,3,940.0,345,basketball,2,2,900,165.0
3.3,2,1,610,3.0,980.0,2,"Fast food, pizza, subs",5.0,7,1.0,2,2.0,3,4,2.0,4,1.0,5.0,CFO,2,3.0,"pizza, chicken fingers",1,2,2,2,5,"Rice, Meat, vegetable",1,6.0,1,4,2.0,1.0,"Chicken, Pasta, Veal",4.0,Teacher,2,1.0,1,2,1.0,6.0,1.0,1.0,1,1165.0,850,Soccer,3,2,1315,175.0
3.87,2,1,610,3.0,315.0,1,"chocolate, sweets, ice cream",3.0,2,3.0,2,2.0,8,1,2.0,3,1.0,4.0,European logistics director ,8,2.0,Pasta,1,3,4,5,8,Green and colourful,7,6.0,5,5,7.0,2.0,"Meat, wine, chocolate pudding",2.0,House wife,4,1.0,3,5,5.0,2.0,2.0,1.0,5,725.0,500,Tennis,2,2,900,195.0
3.7,2,1,610,3.0,420.0,1,"burgers, chips, cookies",5.0,3,2.0,1,1.0,3,1,2.0,3,1.0,4.0,accountant ,1,1.0,pasta,2,4,1,4,2,"pasta. veg, water ",2,6.0,5,5,5.0,1.0,"pasta, pizza ",4.0,Underwiriter ,3,1.0,3,5,2.0,2.0,1.0,1.0,4,940.0,850,tennis soccer gym,3,1,1315,185.0
3.7,2,2,610,3.0,420.0,2,"Chilli, soup, pot pie",4.0,1,1.0,1,1.0,7,2,2.0,5,3.0,4.0,Commercial Real Estate,4,1.0,Chicken Nuggets,1,3,3,2,4,"Protein, vegetables, grains ",1,4.0,4,5,5.0,1.0,"Pizza, Pasta, Poutine",2.0,Beautician ,2,1.0,2,3,2.0,3.0,1.0,1.0,4,940.0,690,Gaelic Football,4,1,1315,185.0
3.9,1,1,720,2.0,420.0,2,"Soup, pasta, brownies, cake",1.0,6,1.0,1,2.0,2,4,3.0,4,1.0,3.0,Manager at Pepsi,4,1.0,Spaghetti ,1,4,3,5,5,A healthy meal is a lean meat with mostly vegetables and a starch like brown rice or quinoa.,2,4.0,3,5,2.0,2.0,"Pasta, chicken and rice, and soup",2.0,Unemployed,2,1.0,1,3,3.0,4.0,2.0,2.0,4,940.0,500,none,4,2,1315,105.0
2.8,1,2,720,3.0,420.0,2,"chocolate, ice cream/milkshake, cookies",3.0,2,1.0,1,1.0,4,2,3.0,2,1.0,4.0,VP of ,0,3.0,"Chicken parm, beef stroganof, tacos",1,4,1,3,8,"good portions, lots of color, targets main food groups",2,6.0,3,3,5.0,1.0,"PastaTake out",3.0,Medical biller,4,1.0,1,3,3.0,3.0,1.0,1.0,3,1165.0,690,Ice hockey,3,2,760,125.0
3.7,2,1,610,2.0,420.0,1,"Chips, ice cream, microwaveable foods ",3.0,2,1.0,1,1.0,3,2,2.0,2,1.0,4.0,Beverage and Food Sales,1,1.0,"Chicken Parm, Pizza ",1,3,2,1,9,"A rice, a vegetable, a piece of meat ",5,5.0,1,5,9.0,2.0,Chicken parm ,2.0,Doctors Billing Assiant ,2,1.0,1,4,1.0,2.0,2.0,1.0,2,1165.0,850,Hockey,3,2,1315,160.0
3.0,2,1,610,4.0,980.0,2,"Chicken fingers, pizza ",4.0,2,1.0,1,2.0,5,2,3.0,3,1.0,5.0,Dentist ,2,1.0,Steak,1,5,1,3,9,"Salad, vegetable, carb, protein ",6,6.0,3,4,9.0,2.0,"Steak, lobster, chicken ",5.0,Dentist ,4,1.0,1,6,2.0,2.0,1.0,1.0,3,1165.0,500,Lacrosse ,5,1,1315,175.0
3.2,2,1,610,2.0,420.0,2,"cookies, hot chocolate, beef jerky",2.0,2,2.0,2,1.0,3,2,2.0,2,2.0,4.0,Electrical Engineer,1,1.0,"Deer Steak, Buttered Pasta, Garlic Pasta",1,3,3,1,4,"Protein, vegetable and grains",7,5.0,1,5,3.0,1.0,"Garlic noodles and steak, Parmesan chicken and pasta, Tacos and pasta",4.0,Air Traffic Controller,5,1.0,1,3,2.0,3.0,1.0,2.0,1,940.0,500,,2,1,1315,180.0
3.5,2,1,265,2.0,420.0,2,"Tomato soup, pizza, Fritos, Meatball sub, Dr. Pepper",3.0,2,1.0,2,2.0,3,5,3.0,5,2.0,5.0,Radio Telecommunications Manager,8,1.0,"Crab legs, Mushroom soup, homemade rolls",1,5,3,3,9,"Grilled chicken, mac and cheese, broccoli, apple, milk",7,5.0,5,5,10.0,1.0,"Tomato soup, Steak, crab",5.0,Strategic Planning and Programs Manager,2,1.0,1,4,5.0,2.0,1.0,2.0,5,580.0,500,,4,1,760,167.0
4.0,1,1,720,3.0,420.0,2,"cookies, mac-n-cheese, brownies, french fries, ",3.0,1,1.0,1,1.0,7,3,2.0,4,2.0,2.0,,2,2.0,"french fries, waffles, chocolate",1,3,4,2,7,"whole grain carbs, vegetables, a small amount of protein",2,5.0,3,4,8.0,2.0,"pasta, chicken with potatoes, pizza ",5.0,teacher,4,3.0,3,3,2.0,3.0,2.0,1.0,3,940.0,500,snowboarding,5,1,1315,115.0
4.0,2,1,610,3.0,420.0,2,"chips and dip, pepsi, ",2.0,1,1.0,2,2.0,4,2,3.0,5,2.0,4.0,deceased,1,1.0,chicken and biscuits,1,5,2,5,5,"4-6 ounces chicken or fish, side of potatoes, and green beans",1,4.0,4,5,3.0,1.0,"Chicken, Steak, Pasta",2.0,management,4,4.0,1,3,3.0,4.0,2.0,2.0,4,940.0,690,none organized,5,1,1315,205.0
3.4,2,1,610,3.0,315.0,2,"Grandma's Chinese, Peruvian food from back home, and sushi",5.0,4,1.0,2,2.0,3,3,2.0,5,1.0,5.0,Lawyer,2,1.0,"Spaghetti, Chicken, Won Tons",1,4,4,5,5,Plenty of greens and lean proteins,7,5.0,5,5,8.0,1.0,"Pasta,Sushi,Steak",5.0,Lawyer,4,1.0,3,4,5.0,4.0,1.0,1.0,5,580.0,345,Soccer,5,1,760,159.04918032786884
2.8,1,1,720,3.0,420.0,1,"Ice cream, cookies,  Chinese food, and chicken nuggets ",4.0,2,2.0,2,1.0,3,2,3.0,4,3.0,4.0,landscaping ,1,1.0,"Chicken Nuggets, Mac and Cheese, and pasta",1,3,1,5,7,A balance of vegetables and cooked lean meat.,2,3.0,2,5,3.0,1.0,"Chicken Parmesan, pasta,  ",4.0,unemployed,4,1.0,1,3,2.0,3.0,1.0,2.0,1,1165.0,500,,3,1,900,128.0
3.65,1,1,610,3.0,420.0,2,"french fries, chips, ice cream",4.0,2,1.0,2,1.0,3,3,3.0,2,1.0,4.0,Vice President of a company,1,3.0,"hamburgers, chicken nuggets ",1,5,1,3,1,a lot of greens,7,6.0,1,5,3.0,1.0,"pasta, lasagna, chicken ",4.0,stylist,4,1.0,5,4,1.0,2.0,1.0,1.0,3,940.0,345,softball,4,1,1315,150.0
3.0,1,1,610,2.0,420.0,2,"mac n cheese, peanut butter and banana sandwich, omelet",1.0,2,1.0,3,1.0,3,2,3.0,2,1.0,4.0,Owns his own promotional company ,5,1.0,"chicken, pasta, stir fry",1,5,3,3,2,"Some kind of protein, a vegetable, and a grain",6,4.0,1,5,3.0,2.0,"Some kind of pasta, a chicken dish, some kind of salad",4.0,Works in retail,2,2.0,1,3,2.0,2.0,1.0,1.0,2,940.0,690,Lacrosse,5,2,760,150.0
3.7,1,1,610,3.0,420.0,2,"pizza, doughnuts, mcdonalds ",3.0,2,1.0,2,2.0,8,4,2.0,4,1.0,5.0,Optometrist ,1,3.0,"pizza, pasta, grilled cheese ",1,5,2,3,7,"a meal with a meat, vegetable, grain, and fruit ",5,6.0,2,5,7.0,1.0,"spaghetti or pasta, shrimp fried rice, chicken ",2.0,Homemaker ,3,1.0,2,3,1.0,4.0,2.0,1.0,2,1165.0,500,Softball ,5,2,900,150.0
3.4,1,1,720,4.0,420.0,2,"chocolate, chips, candy",2.0,1,6.0,2,2.0,3,2,2.0,4,3.0,2.0,Construction ,1,1.0,Pasta,1,3,4,5,4,"A protein, starch, veg, and a healthier dessert. ",2,6.0,3,5,2.0,2.0,"Pasta, Pizza, Chicken ",3.0,Head of Human Resouces,4,1.0,1,4,3.0,4.0,1.0,1.0,5,940.0,500,Dancing,4,2,1315,170.0
3.89,1,1,610,3.0,980.0,2,"chocolate, popcorn, ice cream",3.0,2,1.0,1,1.0,2,2,3.0,4,2.0,4.0,Biohemical Waste Elimination,1,1.0,chicken parmesan,1,4,4,3,6,a lean protein plus the addition of 2-3 fruits and vegetables,2,5.0,3,5,8.0,2.0,"Chicken Parmesan, Orange Chicken, Tacos",4.0,Accountant,4,1.0,1,3,3.0,4.0,1.0,1.0,2,1165.0,690,Lacrosse,3,2,1315,150.0
3.0,2,1,720,3.0,980.0,2,"CandyPopChocolate Chipotle Moe's ",5.0,9,1.0,2,2.0,2,5,3.0,3,1.0,5.0,Corporate Manager ,2,1.0,Chicken and steak ,1,5,4,1,3,Chicken breast with veggies ,2,6.0,3,4,5.0,2.0,"Steak and potatoes, burgers and fries, bacon and eggs ",2.0,Marketing Analyst,1,2.0,3,3,1.0,1.0,1.0,1.0,3,1165.0,690,Hockey,3,2,1315,175.0
3.4,2,1,430,3.0,315.0,1,"Pizza, Ice cream, fries, cereal, cookies  ",3.0,3,1.0,3,2.0,9,2,3.0,4,1.0,4.0,Small business owner ,1,1.0,"pizza, ice cream. pop tarts ",1,3,1,5,10,A meal with all of the food groups. ,2,6.0,3,5,8.0,1.0,"Pizza, Japanize Hibachi, Moes   ",4.0,Middle school teacher,3,1.0,1,3,3.0,2.0,1.0,1.0,3,940.0,500,wrestling ,4,2,760,140.0
2.9,1,1,720,4.0,980.0,2,"Ice cream, chocolate, twizzlers ",2.0,5,1.0,4,1.0,3,4,2.0,4,1.0,2.0,Welder,1,1.0,Mac cheese ,1,5,2,5,6,a salad with chicken and 2 tablespoons of salad dressing ,3,3.0,3,5,4.0,1.0,"Chicken, Pasta, Salad",3.0,Art teacher ,4,1.0,1,3,2.0,6.0,1.0,2.0,4,940.0,690,,5,1,1315,120.0
3.6,1,1,610,3.0,420.0,2,"ice cream, cookie dough, cookies, cheese",4.0,2,1.0,2,2.0,3,2,2.0,3,1.0,4.0,Design Engineer,1,1.0,"French Toast, Grilled Cheese, Orange Chicken",1,5,2,5,6,"Grilled chicken, side salad, rice and broccoli and cranberries",1,6.0,4,5,7.0,1.0,"Pancakes, Pasta, Grilled Cheese and Soup",4.0,Account Clerical ,1,1.0,2,3,2.0,3.0,1.0,2.0,4,940.0,500,,4,2,900,135.0
3.5,1,1,430,2.0,980.0,1,"ice cream, cereal, and salt and vinegar chips ",3.0,3,1.0,2,1.0,5,1,2.0,5,1.0,2.0,Unknown ,4,3.0,"pickles, chinese food, pizza",1,4,3,5,6,It is probably more on the green side and there is less fryed or overly seasoned food. There would be more organic foods rather than processed foods. ,2,3.0,5,5,8.0,2.0,"pasta, soup, steak  ",2.0,Caretaker,3,1.0,1,2,5.0,3.0,2.0,2.0,5,940.0,345,no particular engagement ,4,1,900,100.0
3.2,1,1,610,4.0,420.0,2,"Potato chips, ice cream, chocolate, cookies",1.0,1,1.0,1,1.0,4,2,2.0,5,1.0,4.0,Electrical Engineer,4,1.0,"Mac and Cheese, Hot Dogs, Grilled Cheese",1,5,4,5,8,Mostly green!,7,5.0,5,5,10.0,1.0,"Steak, asparagus and potatoes, homemade chicken alfredo, Mexican cuisine",2.0,Secretary,4,2.0,1,6,5.0,3.0,1.0,1.0,5,725.0,500,Volleyball,5,1,760,170.0
3.605,1,1,610,3.0,315.0,2,"Mac and cheese, fried chicken, cornbread ",3.0,4,1.0,1,1.0,5,2,2.0,5,1.0,4.0,Banker,1,1.0,"Hamloaf, tuna fish salad, mac and cheese ",1,5,2,5,3,Colorful ,6,6.0,5,5,3.0,2.0,"Tacos, spaghetti, grilled cheese",4.0,Registered Nurse,2,1.0,2,4,5.0,1.0,1.0,2.0,5,940.0,500,none,5,2,900,113.0
3.8,2,1,430,2.0,420.0,1,"popcorn, chips, candy, & fries ",3.0,3,1.0,2,2.0,2,2,2.0,4,2.0,3.0,subcontractor ,1,1.0,"chicken soup,  perogies, & roast beef  ",1,4,1,4,4,A meal that you have cooked yourself without a lot of grease or fat in it.  ,5,4.0,3,5,4.0,1.0,"Spaghetti, steak, burgers ",4.0,telemarketer ,3,1.0,2,3,3.0,3.0,1.0,1.0,3,725.0,345,soccer ,4,2,900,168.0
2.8,2,1,430,3.0,980.0,2,"Chex-mix, Wegmans cookies, Cheez-Its ",4.0,2,1.0,2,1.0,3,2,2.0,3,1.0,5.0,small business owner ,1,3.0,"lasagna, meatloaf, pizza",1,5,1,3,8,"good balance between meats, grains, fruits, vegetables, carbs, and dairy products ",7,6.0,2,4,9.0,1.0,"lasagna,  hamburgers w/ corn, steak  ",5.0,nurse,2,1.0,1,3,4.0,2.0,1.0,1.0,1,940.0,345,wrestling & rowing,5,2,900,145.0
3.5,2,2,430,3.0,315.0,1,"pizza, ice cream, chips",4.0,1,1.0,2,2.0,3,2,3.0,4,1.0,4.0,House Appraiser,4,1.0,"Tacos, Spaghetti, and Roast",1,5,2,4,2,one that is well balanced and consists on main food groups,7,5.0,4,5,3.0,1.0,"Steak, Chicken, Tacos",4.0,Banker,3,1.0,1,3,4.0,1.0,2.0,1.0,4,940.0,345,Wrestling,5,1,760,155.0
3.83,2,1,430,3.0,315.0,2,"fried chicken. mashed potatoes, mac and cheese",3.0,5,2.0,2,1.0,3,2,2.0,3,2.0,2.0,not sure,1,1.0,"mac and cheease, mashed potatoes, salmon",1,3,3,4,9,lots of green and color.,2,3.0,4,5,9.0,2.0,"pizza, pasta, burgers",4.0,Office assistant,2,1.0,2,6,1.0,1.0,2.0,2.0,4,1165.0,690,none,3,2,900,150.0
3.6,2,1,720,3.0,420.0,2,"Popcorn, Chex Mix, Pizza",5.0,1,1.0,1,1.0,5,2,3.0,2,1.0,3.0,Fireman,5,2.0,Pizza,1,4,3,1,8,"Balance of veggies, white meat, fruits, and grains.",4,1.0,1,3,8.0,1.0,"Pizza, salad",2.0,Secretary,5,3.0,1,3,1.0,3.0,1.0,2.0,1,1165.0,500,,5,2,760,169.0
3.3,2,1,610,4.0,980.0,1,Burger,3.0,5,1.0,4,1.0,3,3,3.0,5,1.0,2.0,President of Automotive company ,0,1.0,Steak ,1,5,2,5,8,Chicken ,5,6.0,5,5,8.0,1.0,"Steak, Chicken, Pasta ",2.0,Stay home,5,1.0,1,3,5.0,2.0,1.0,1.0,5,1165.0,500,Hockey,4,1,1315,185.0
3.3,2,1,610,4.0,420.0,2,"Pizza, chocolate, and ice cream ",1.0,2,1.0,3,1.0,3,5,2.0,4,1.0,3.0,UPS driver ,2,1.0,"Grilled chicken, pasta, and turkey ",1,5,2,5,1,Low carbs and high protein ,3,5.0,3,5,5.0,1.0,Chicken Parm,2.0,Unemployed ,5,1.0,1,3,3.0,2.0,2.0,1.0,3,1165.0,500,Lacrosse ,5,2,900,200.0
3.292,2,1,610,3.0,980.0,2,"fries, chips, fried chicken, pizza, grapes",4.0,2,1.0,4,2.0,4,3,2.0,3,1.0,2.0,HVAC Professional,5,3.0,"Chicken, Pizza, Cherry tomatoes",1,4,4,4,5,"Grilled, natural ingredients, and no carbonated beverages",3,3.0,2,5,1.0,1.0,"Pizza, Steak, Spaghetti",5.0,"Counseling, Teaching, Geologist, Psychic",1,3.0,1,3,3.0,4.0,1.0,2.0,1,940.0,500,,4,1,1315,265.0
3.5,2,1,610,3.0,420.0,2,"peanut butter sandwich, pretzals, garlic bread",1.0,1,2.0,1,1.0,5,3,3.0,5,1.0,4.0,Sergeant correctional officer,1,1.0,Chicken Alfredo,2,5,2,5,10,High protein and vegetables,7,6.0,4,5,10.0,1.0,"Chicken, Steak, Pasta",5.0,Teacher,4,1.0,1,6,2.0,2.0,1.0,1.0,4,940.0,690,hockey,5,1,900,165.0
3.35,1,2,610,2.0,315.0,2,"chips, dip, fries, pizza",3.0,2,1.0,2,2.0,10,5,3.0,3,1.0,1.0,union worker,1,1.0,steak and cheesy potatoes,1,4,1,3,8,"the different colors of the rain bow. protein, fruit, veggies",5,3.0,2,5,8.0,1.0,"mac n cheese, steak, potatos",3.0,factory worker,3,1.0,2,2,2.0,3.0,1.0,1.0,3,940.0,500,softball,4,2,900,192.0
3.8,2,1,720,4.0,315.0,2,"Pizza, Ice Cream, Chicken Wings",3.0,2,1.0,1,1.0,5,4,3.0,5,1.0,4.0,Salesman,4,1.0,Meatloaf,1,5,4,4,1,Low protein and carbs and high in vegetables and fruits.,2,6.0,5,5,1.0,1.0,"Chicken, Beef, Steak",4.0,Nurse,4,2.0,1,4,4.0,2.0,1.0,1.0,5,1165.0,500,Hockey,5,1,1315,175.0
2.8,1,1,610,4.0,980.0,2,Pizza chocolate chips bagels ice Capps ,2.0,9,1.0,1,1.0,5,3,2.0,2,1.0,2.0,Owns his business,5,3.0,Pizza pasta and quesadillas ,2,4,2,5,9,Chicken and broccoli ,2,5.0,2,5,10.0,1.0,"chicken, pizza, stuffed shells",4.0,Sales,5,1.0,1,3,1.0,2.0,2.0,1.0,2,725.0,345,softball,4,1,1315,140.0
3.5,1,1,610,3.0,420.0,2,"Chocolate, ice cream, pasta",1.0,1,2.0,3,2.0,11,2,2.0,5,2.0,4.0,Physical Therapist,2,1.0,Steak,2,5,3,5,4,"Fruit, vegetables, and protien",6,5.0,5,5,1.0,1.0,"steak, noodles, edemame",5.0,Elementary School Principal,2,2.0,1,4,4.0,3.0,1.0,1.0,5,1165.0,690,Skiing,5,1,1315,155.0
3.7,1,1,610,3.0,420.0,2,Mac n Cheese. Chips and salsa. Ice cream. ,2.0,2,1.0,3,2.0,11,2,3.0,5,1.0,4.0,Insurance ,1,3.0,Mac and cheese ,1,5,4,5,7,Proper serving sizes of almost anything ,1,6.0,5,5,10.0,1.0,Steak and veggies. Chicken and rice. Stirfry. ,4.0,Real Estate Agent ,2,2.0,2,3,4.0,3.0,2.0,1.0,5,1165.0,500,skiing ,4,2,1315,155.0
3.6,1,1,610,4.0,420.0,2,"peanut butter, dessets, pretzels. ",2.0,3,1.0,1,2.0,4,5,3.0,5,1.0,4.0,Construction management ,2,1.0,lasagna,1,5,1,4,3,Half the plate fruit and vegetables. Other half grains and protein. Then a little dairy. ,6,6.0,1,5,5.0,1.0,"Lasagna, steak, chili ",4.0,X-ray tech,4,1.0,1,3,1.0,2.0,1.0,1.0,1,1165.0,690,Water polo and running ,5,1,1315,135.0
3.418652892561982,1,1,610,2.0,980.0,2,"Macaroons, truffles, peanut butter n chocolate ice cream",2.0,3,1.0,1,1.0,5,2,2.0,4,2.0,2.0,Dead beat ,2,2.0,Chocolate,2,3,4,3,2,"chicken, veggies, fruit, water ",2,4.0,2,4,5.0,2.0,"I would say ""lets go out""",4.0,Respiratory Therapist,4,3.0,1,2,3.0,2.0,2.0,2.0,2,725.0,500,,3,1,1315,118.0
3.9,2,1,610,4.0,980.0,2,"ice cream, cookies, ice cream",3.0,2,1.0,1,1.0,5,5,2.0,2,1.0,2.0,police force,1,1.0,"Pizza, Pasta, Chicken",1,4,4,3,2,"high protein, low fat, low carbs and sugar",7,6.0,2,5,1.0,1.0,"pasta, chicken, vegetables",2.0,Legal assistant,4,1.0,2,3,2.0,2.0,1.0,1.0,2,1165.0,850,Ice Hockey,4,1,1315,210.0
2.6,1,1,610,4.0,980.0,2,"carrots and ranch, pretzels, dark chocolate ",3.0,3,2.0,1,2.0,4,4,3.0,5,1.0,4.0,VP of GNC,1,1.0,"chicken tenders, pasta, mac&cheese ",1,5,3,4,8,"high protein, fruit, veggies, low carbs and fat",6,5.0,4,4,8.0,2.0,"chicken and pasta, homemade pizza, lasagna ",4.0,dietitian ,4,1.0,1,3,4.0,2.0,1.0,1.0,4,1165.0,690,rowing ,5,2,1315,180.0
3.5,1,1,610,3.0,420.0,1,"cookies, nutella, ice cream, coffee, fruit ",1.0,2,1.0,1,1.0,3,3,2.0,4,1.0,2.0,Owner of New York Lunch,4,3.0,"chicken stir fry, spaghetti, chicken parmesan ",1,5,2,4,3,Meal prep'd foods with food from each section on the food pyramid. ,5,2.0,3,5,1.0,2.0,1. pasta 2. spaghetti 3. chicken and rice ,2.0,CNA ,4,1.0,1,2,3.0,4.0,2.0,1.0,3,940.0,500,Volleyball,5,1,760,140.0
3.2,1,1,610,3.0,315.0,2,mac and cheese,2.0,2,2.0,2,1.0,11,3,3.0,3,2.0,5.0,Dentist,1,3.0,"Mac and Cheese, Chicken nuggets",1,3,2,3,3,vegtables,6,6.0,1,5,3.0,2.0,"Lasagna, Steak, Pasta ",4.0,Periodontist,1,1.0,2,5,1.0,2.0,1.0,2.0,4,725.0,500,None,3,2,900,112.0
3.0,1,1,720,3.0,420.0,1,"Chocolate, Popcorn, Icecream",2.0,3,1.0,1,2.0,3,2,3.0,3,1.0,2.0,mechanic ,5,1.0,Mac and cheese ,1,5,1,4,3,"Milk for a drink, meat, a grain, vegetable, fruit for dinner",5,4.0,3,5,3.0,2.0,"mac and cheese, pizza, chicken ",4.0,business,4,1.0,1,3,3.0,2.0,1.0,1.0,3,940.0,500,tennis  ,5,1,900,125.0
3.6,1,1,610,2.0,420.0,1,"Ice cream, cake, mozzarella sticks, pierogies ",4.0,2,1.0,2,2.0,3,3,2.0,5,2.0,2.0,Truck Driver ,1,1.0,"Mac&Cheese, Chicken Nuggets ",1,5,2,2,2,"It has protein, vegetables and some carbs ",7,5.0,2,4,2.0,2.0,"Lasagna, Pizza, Pasta ",3.0,Project Manager ,2,1.0,2,4,1.0,2.0,1.0,1.0,2,940.0,690,"Recreational Basketball, Equestrian Team",5,2,1315,144.0
3.2,1,1,430,3.0,315.0,1,"Chips, Mac and cheese, pizza, French fries ",3.0,1,1.0,1,2.0,3,1,3.0,4,1.0,5.0,Dentist ,1,1.0,"Pasta, pizza, meatballs ",1,5,1,3,8,"Balanced between protein, veggies, and carbs",3,6.0,2,5,8.0,2.0,"pasta, chicken parm, tacos ",5.0,school teacher,3,1.0,1,4,2.0,3.0,1.0,1.0,4,725.0,500,soccer,5,2,760,145.0
3.67,1,2,720,4.0,420.0,2,"Pizza, burritos, slim jims",2.0,2,1.0,2,2.0,3,2,3.0,2,2.0,4.0,Sales Manager ,1,1.0,"Steak, Garlic and butter noodles, schnitzle",1,3,3,1,3,"Well portioned meat, veggies, and fruits. Water instead of a sugary drink like pop. ",4,6.0,1,5,3.0,2.0,"Steak, pasta, burgers",4.0,Homemaker,4,2.0,1,3,1.0,3.0,2.0,2.0,5,1165.0,690,None,5,1,1315,130.0
3.73,1,1,610,3.0,980.0,2,"Broccoli, spaghetti squash, quinoa, and grilled chicken",3.0,2,1.0,1,1.0,8,1,2.0,5,2.0,4.0,Retired - Bus Driver,1,1.0,Pizza and Spaghetti,2,5,3,5,3,"A vegetable, a protein, and a fruit",1,3.0,5,5,2.0,2.0,"Pizza, Italian, anything chicken related",2.0,Stay-At-Home Mom,2,1.0,1,3,5.0,3.0,1.0,1.0,5,1165.0,500,Rec Volleyball,5,1,1315,140.0
4.0,1,1,720,3.0,420.0,2,"Chocolate, ice cream, cookie dough",2.0,2,1.0,1,1.0,11,1,2.0,5,1.0,2.0,Transportation ,1,1.0,Spaghetti ,2,5,3,3,5,"A balanced meal with a protein, carbohydrate and a vegetable.",3,5.0,4,5,2.0,2.0,"Spaghetti, steak, or chicken",4.0,Social Services,4,1.0,1,6,3.0,4.0,1.0,1.0,4,1165.0,690,Softball,5,1,1315,140.0
3.1,2,2,610,3.0,980.0,2,"pizza, pretzels, fruit snacks, deli sandwhich",3.0,2,1.0,2,2.0,3,1,2.0,4,2.0,4.0,Police Officer,0,2.0,Pizza Mac n Cheese Pasta,1,5,1,2,3,salad,7,5.0,3,5,2.0,1.0,"Pasta, Steak, Chicken",4.0,Runs a Daycare,2,1.0,1,2,2.0,3.0,1.0,2.0,3,1165.0,345,,5,1,1315,140.0
3.79,2,1,720,4.0,420.0,2,"Chips, ice cream",1.0,2,1.0,2,2.0,12,4,3.0,3,1.0,4.0,Risk Manager,2,1.0,Pizza,1,3,2,3,1,"Protein source, vegetables, fruits, whole grains",3,6.0,1,5,2.0,2.0,"chipotle, chick fil a, chicken and rice",2.0,Customer Service,5,3.0,1,3,1.0,3.0,1.0,1.0,2,1165.0,850,baseball,4,1,1315,200.0
2.71,2,2,265,2.0,420.0,1,,2.0,9,4.0,4,2.0,4,1,3.0,3,2.0,1.0,retire,0,2.0,,1,4,3,3,8,,8,3.0,3,3,10.0,4.0,"rice and Chicken, sea food",1.0,,2,2.0,3,5,3.0,3.0,1.0,2.0,3,580.0,345,,4,2,760,159.04918032786884
3.0,1,1,610,3.0,420.0,2,"mac and cheese, potato soup, ice cream, chips and cheese",3.0,3,1.0,1,1.0,3,2,2.0,5,1.0,4.0,car salesman,1,1.0,"salad, chicken, pizza",1,5,1,3,6,"grilled meat, fruit, vegetable, and some grains",2,5.0,4,5,9.0,2.0,"Chicken, Spaghetti, Hamburgers",4.0,RN,4,1.0,2,4,3.0,3.0,1.0,2.0,4,940.0,500,I danced in high school,4,1,900,120.0
3.7,1,2,610,3.0,420.0,1,"chocolate, pizza, and mashed potatoes",2.0,2,1.0,2,2.0,3,2,2.0,2,2.0,2.0,dairy farmer,5,3.0,"pizza, mashed potatoes, chocolate chip cookies",1,4,4,2,4,a plate that has a variety of colors not just one color,3,3.0,1,5,4.0,1.0,"chicken, steak, pizza",5.0,program director,3,2.0,1,3,1.0,4.0,2.0,1.0,1,1165.0,690,horse back riding,2,2,1315,150.0
3.1,2,2,265,2.0,420.0,1,Pizza cookies steak ,2.0,2,1.0,2,2.0,13,2,2.0,1,2.0,2.0,Dairy Farmer ,5,2.0,Pizza and wings ,1,3,4,1,4,Meat and potatoes ,7,3.0,1,4,5.0,2.0,"Steak, Pizza, Haddock ",5.0,Programs coordinator ,1,1.0,1,3,1.0,3.0,2.0,1.0,2,725.0,345,Basketball ,2,2,900,200.0
3.0,1,1,720,3.0,420.0,2,"chocolate, fruit, and ice cream",2.0,1,1.0,3,1.0,2,2,2.0,3,1.0,2.0,self employed,4,1.0,"tacos, pizza, chicken wing dip",2,5,2,4,8,"good portions of fruit, protein, veggies and carbs",3,5.0,3,4,8.0,2.0,"mexican chicken, hibachi chicken and rice, steak",2.0,self employed,4,1.0,1,3,2.0,3.0,1.0,1.0,3,580.0,345,competitive skiing,4,1,1315,135.0
3.9,2,1,720,3.0,420.0,2,Chips sweets popcorn,5.0,2,1.0,2,2.0,7,1,3.0,5,1.0,3.0,Contract negotiations,4,1.0,Sloppy joes,1,5,1,5,1,All food groups,8,6.0,4,5,3.0,1.0,"Chicken and vegetables, Roast Beef, pasta",2.0,none,4,1.0,1,3,4.0,2.0,1.0,1.0,5,1165.0,850,"Rowing, Running, and Cycling",4,2,1315,145.0
3.4,1,1,430,2.0,420.0,2,"Cookies, burgers, chicken noodle soup, ice cream",3.0,7,1.0,2,2.0,3,3,2.0,4,2.0,2.0,Police Officer ,1,3.0,"Spaghetti and Meatballs, Steak, and Burgers",1,3,1,3,4,"All of the food groups(carbs, veggies, fruits,etc)",2,4.0,3,5,1.0,1.0,"Salad, pasta, and ice cream",4.0,Legal Secretary,2,1.0,1,3,3.0,3.0,1.0,2.0,4,1165.0,500,,2,1,900,130.0
3.5,1,2,610,3.0,420.0,1,"cake, French fries, chicken nuggets",3.0,2,1.0,2,2.0,3,3,3.0,4,1.0,4.0,IT,1,1.0,"chicken fingers, pasta, pizza",1,4,4,4,2,all elements of food pyramid,3,4.0,4,5,2.0,2.0,"steak, mashed potatoes, vegetables ",4.0,secretary ,2,1.0,3,5,4.0,4.0,2.0,1.0,4,725.0,500,softball and basketball,2,2,900,190.0
3.7,1,1,265,3.0,315.0,2,"pizza, ice cream, cookies",3.0,2,1.0,4,2.0,3,5,3.0,4,1.0,4.0,Works for Kirila Fire,1,1.0,spaghetti and tacos,1,3,3,3,8,lots of colors,2,3.0,3,5,7.0,1.0,"pizza, tacos, pasta",4.0,works in Loans department in First National Bank,3,1.0,2,3,3.0,3.0,1.0,1.0,3,580.0,345,wrestling,3,2,575,170.0
3.7,1,1,430,3.0,420.0,2,"Mashed potatoes, pasta",2.0,2,1.0,2,1.0,2,2,2.0,5,1.0,2.0,Realtor,2,1.0,Spaghetti or  chicken panini sandwich ,1,4,1,5,4,Has fruits vegetables and or some type of meat ,5,1.0,5,5,1.0,1.0,"Spaghetti con Chorizo, Carne Asada, Salmon",1.0,Janitor,3,1.0,2,2,5.0,3.0,1.0,1.0,5,940.0,690,Marching Band,4,2,1315,127.0
3.83,1,1,720,3.0,420.0,2,"Pasta dishes, Cheesecake, Pancakes",1.0,3,1.0,1,2.0,5,2,3.0,5,1.0,4.0,Solar Engineering ,2,3.0,Spaghetti and Pop-tarts,1,5,2,5,9,Mostly vegetables and plenty of lean protein and healthy fats to keep you full,5,5.0,5,5,9.0,2.0,"Stuffed chicken breasts, spagetti carbonara, breakfast for dinner ",3.0,Yoga Instructor ,5,1.0,1,3,4.0,2.0,1.0,1.0,5,725.0,690,Collegiate Water Polo,5,1,760,167.0
2.6,1,1,265,3.0,315.0,2,"Ice cream, pizza, cookies",3.0,1,1.0,3,2.0,2,3,2.0,3,3.0,5.0,Lawyer,4,3.0,"Pasta, breakfast for dinner, pizza",1,5,1,4,7,"Lots of Greens, meat and water",5,6.0,2,5,7.0,2.0,"Pasta, breakfast for dinner, pizza",3.0,Nurse,3,1.0,2,3,3.0,3.0,1.0,2.0,3,580.0,500,None right now,4,1,760,140.0
3.0,1,1,610,3.0,420.0,2,"Chinese food, moes, sponge candy, homemade lasagne ",2.0,2,1.0,1,2.0,5,1,3.0,4,2.0,2.0,Service Technition,4,3.0,"peanut butter and jelly, celery and peanut butter, hot pockets ",1,5,1,4,3,Small portion of meat with majority fruits or vegetables ,5,6.0,4,5,1.0,1.0,"Pizza, Chicken and rice and pasta",4.0,Sales Manager at Business First,5,1.0,1,3,3.0,4.0,1.0,1.0,4,580.0,500,"volleyball, lacrosse",4,1,900,190.0
3.2,2,1,720,3.0,420.0,1,"pizza, pasta, mac and cheese",4.0,3,1.0,2,2.0,3,2,2.0,3,1.0,4.0,engineer ,5,2.0,pizza,1,4,2,1,5,lots of variety and veggies,2,6.0,1,5,4.0,1.0,"Pasta, pizza, and chicken",5.0,principal ,2,1.0,1,3,1.0,4.0,1.0,1.0,1,1165.0,690,field hockey,4,1,1315,155.0
3.5,2,2,720,4.0,980.0,2,"Little Debbie snacks, donuts, pizza",3.0,9,1.0,2,2.0,5,1,2.0,5,1.0,2.0,handyman,2,1.0,"Quesadilla, chocolate, steak",1,4,3,5,7,"High protein, high carbs , vegetables ",6,2.0,5,5,1.0,1.0,"burritos, pasta, chicken",4.0,home cleaner,5,1.0,1,4,5.0,2.0,1.0,2.0,5,1165.0,850,,4,1,1315,175.0
3.2,1,1,610,3.0,420.0,2,"carrots, plantain chips, almonds, popcorn ",3.0,1,1.0,2,1.0,5,2,2.0,5,1.0,4.0,cross-guard ,4,1.0,"Jollof Rice, Bread, pasta ",2,5,3,4,7,"Healthy meal for me is a food rich in protein, fiber, some sort of carbohydrates",2,3.0,5,5,1.0,1.0,"Rice with vegetables, chicken with pasta, salad",2.0,A teacher ,5,1.0,2,3,4.0,3.0,1.0,2.0,5,1165.0,500,none ,5,1,900,129.0
3.68,2,1,720,4.0,420.0,2,"chips, ice cream, fruit snacks",4.0,2,1.0,1,2.0,5,2,3.0,3,1.0,2.0,Project manager,1,1.0,"Chinese food, pizza, chicken adobo",1,5,1,4,7,"half a plate of protein, quarter of a plate of carbs and the other quarter fruits or veggies.",4,6.0,3,5,8.0,1.0,"any Chinese food, pasta, burgers",3.0,Secretary ,2,1.0,1,4,3.0,4.0,2.0,1.0,3,1165.0,850,Fotball,4,1,1315,260.0
3.8,1,2,610,2.0,420.0,2,"Macaroni and cheese, chicken noodle soup, pizza",2.0,2,1.0,2,2.0,3,3,2.0,2,2.0,5.0,Teacher,5,3.0,"Pasta, chicken, pizza ",1,2,3,1,5,Very colorful and smaller portions of the unhealthy food with larger portions of vegetables ,2,6.0,1,4,2.0,2.0,"Pasta, chicken, pizza ",5.0,Teacher,3,2.0,3,3,1.0,3.0,1.0,2.0,1,725.0,500,crew,1,2,900,135.0
3.3,2,2,720,3.0,420.0,2,"Chocolate, Chips, Ice cream, French Fires, Pizza",2.0,1,1.0,2,2.0,5,5,2.0,1,3.0,2.0,Truck Driver,5,1.0,"Steak, Chicken Tenders, Pizza",1,1,3,1,8,Chicken Salad with Pita Chips,3,3.0,1,5,1.0,2.0,"Chicken, Pork Chops, Steak",3.0,Customer Service Representative ,2,1.0,1,3,1.0,4.0,1.0,1.0,1,1165.0,690,"Football, Basketball, Volleyball, Golf",4,2,900,190.0
3.2,2,1,720,3.0,420.0,2,"Mac and cheese, lasagna, Chinese food ",4.0,2,1.0,2,2.0,2,2,3.0,5,3.0,5.0,Senior Manager,1,1.0,"Spaghetti, Italian potato soup",1,4,1,4,6,"Fruits, vegetables, meat ",2,4.0,5,5,6.0,1.0,"Salmon, hamburger surprise, Italian potato soup",4.0,Stay at home mother,1,1.0,1,4,5.0,3.0,1.0,2.0,5,1165.0,690,,5,2,1315,165.0
3.75,2,1,610,3.0,420.0,2,"candy, Chinese, mcdonalds",2.0,5,1.0,1,2.0,3,2,2.0,5,1.0,4.0,information systems architect,1,1.0,"steak, spaghetti, salmon",1,5,4,5,7,steak or salmon with broccoli or asparagus and brown rice or quinoa,7,6.0,5,5,6.0,2.0,"salmon, steak, spaghetti squash",4.0,teacher,4,1.0,1,3,5.0,3.0,1.0,1.0,5,940.0,690,"hockey, soccer, golf",5,1,1315,175.0
3.5,2,1,265,3.0,420.0,2,"Doritos, mac and cheese, ice cream",3.0,2,1.0,2,2.0,2,2,3.0,4,1.0,4.0,Supervisor,5,3.0,Macaroni and Cheese,1,4,3,4,10,a balance of Meat and vegetables,6,5.0,3,5,10.0,2.0,"Pasta, fish, steak",4.0,Treasurer,3,1.0,1,3,3.0,2.0,2.0,1.0,4,1165.0,690,Wrestling,4,2,1315,184.0
3.92,2,1,430,3.0,420.0,2,"Ice cream, cake, pop, pizza, and milkshakes.",2.0,7,2.0,2,2.0,5,2,2.0,4,2.0,2.0,Delivery Man For Fritolay,1,3.0,Pizza,1,3,1,3,2,Modest proportions of many different food groups.,2,6.0,3,5,8.0,1.0,"Pizza, chicken, pasta",5.0,Special Ed Teacher,2,1.0,2,3,3.0,6.0,1.0,2.0,3,725.0,500,Soccer,2,1,900,210.0
3.9,1,1,720,3.0,420.0,2,"Mac and Cheese, Pizza, Ice Cream and French Fries ",3.0,2,1.0,1,2.0,5,2,2.0,3,1.0,5.0,,1,1.0,"Chicken Parm, Spaghetti, and Grilled Cheese",1,5,2,2,1,It combines a protein with other elements of the diet such as vegetables and other items that support the body.,2,5.0,2,5,1.0,1.0,"Chicken Parm, Baked Ziti, Shrimp Alfredo ",3.0,Accountant ,4,1.0,1,5,1.0,3.0,1.0,1.0,3,1165.0,500,Running ,5,2,760,155.0
3.9,2,1,720,3.0,315.0,1,"Soup, pasta, cake",4.0,3,6.0,2,2.0,5,5,3.0,5,2.0,4.0,Business Owner,1,1.0,"Chicken parmigiana, wedding soup, pasta",1,5,4,5,8,"Well balanced with protein, fruits, vegetables, starch, etc.",3,6.0,5,5,1.0,2.0,"Chicken parmigiana, pasta, wedding soup",2.0,Homemaker,3,4.0,3,6,1.0,4.0,1.0,1.0,5,1165.0,690,Tennis,4,1,1315,185.0
3.2,1,1,430,4.0,420.0,1,"mac & cheese, frosted brownies, chicken nuggs",4.0,3,2.0,2,1.0,5,3,2.0,3,1.0,3.0,business owner,1,1.0,"chicken, macaroni & cheese, cheesy potatoes",1,5,1,3,3,"lean meat, fresh fruits & veggies",4,4.0,1,5,2.0,2.0,"chicken alfredo, chicken parmesan, spaghetti",4.0,certified accountant,2,1.0,1,3,1.0,3.0,1.0,1.0,1,1165.0,690,softball,5,1,900,165.0
3.5,1,1,610,3.0,420.0,2,"watermelon, grapes, ice cream",3.0,3,1.0,1,1.0,3,2,2.0,5,2.0,2.0,Beacon Light ,1,1.0,"Spaghetti, Tuna noodle casserole, Italian sausage",1,5,1,5,2,"water, fruits, vegetables, protein, carbs",4,2.0,5,5,1.0,2.0,"spaghetti, steak, lasagna ",2.0,nothing ,2,1.0,1,2,5.0,2.0,1.0,1.0,5,1165.0,500,"Volleyball, Track",5,2,900,125.0
3.4,1,1,610,3.0,420.0,2,"macaroni and cheese, stuffed peppers, hamburgers, french fries",3.0,2,1.0,2,2.0,11,2,2.0,5,3.0,4.0,salesman,4,3.0,"chicken nuggets, macaroni and cheese",1,5,1,5,3,More vegetables and fruits as opposed to meat and bread/potatoes,2,5.0,4,5,3.0,1.0,,4.0,social worker,4,1.0,1,2,4.0,5.0,1.0,2.0,3,1165.0,500,,5,2,1315,160.0
3.418652892561982,1,1,610,4.0,420.0,2,"Pizza, mashed potatoes, spaghetti",2.0,3,1.0,1,2.0,5,3,3.0,5,1.0,5.0,Mechanical Engineer,1,3.0,Pizza,1,5,2,2,7,"A protein, veggies, and a carb",3,6.0,1,5,7.0,1.0,,5.0,Secretary,5,1.0,2,3,1.0,4.0,1.0,2.0,2,940.0,500,,5,1,900,135.0
3.7,1,1,610,3.0,420.0,2,"dark chocolate, terra chips, reese's cups(dark chocolate), and bread/crackers with cottage cheese",2.0,5,1.0,1,1.0,3,2,2.0,5,2.0,4.0,GE Salesman,8,1.0,Tortellini and Broccoli with parmesan cheese and homemade breaded chicken with sweet potato,1,5,3,3,4,"Salmon, sweet potato, and larger portion, but equally spread of broccoli, squash, zucchini, carrots, and tomatoes.",2,4.0,5,5,8.0,1.0,"Spaghetti and pasta, seasoned salmon with steamed or boiled broccoli, or soup with ritz crackers if I was busy that day.",4.0,Respiratory Therapist,4,1.0,2,3,3.0,6.0,1.0,2.0,3,725.0,345,"When I can, rarely though play pool, darts, and basketball.",5,1,760,130.0
3.418652892561982,1,1,720,3.0,420.0,2,"Chips, chocolate, ,mozzarella sticks ",4.0,2,1.0,2,2.0,2,2,2.0,4,1.0,4.0,Business Owner,1,3.0,"Chicken Marsala, Manicotti, Mashed Potatoes",1,4,1,3,9,"Vegetables, white meat, and a starch like potatoes, water, and fruit for dessert ",2,5.0,3,5,3.0,1.0,"Pasta, Burgers and Fries, Chicken Marsala",3.0,Substitute Secretary,4,1.0,2,4,2.0,5.0,2.0,2.0,5,940.0,690,None at the moment,5,1,1315,230.0
3.0,1,1,720,3.0,420.0,2,"ice cream, chips, candy",3.0,2,1.0,2,2.0,10,3,2.0,4,2.0,4.0,Ford Plant employee,1,3.0,"hot dogs, chicken fingers, mashed potatoes",1,3,4,5,2,"I think a healthy meals includes some kind of protein, preferably meat, vegetables, and a starch such as potatoes or rice",5,4.0,3,5,1.0,2.0,"Chicken rice and asparagus, pizza, something easy in the crockpot",3.0,Insurance Coordinator,2,2.0,1,5,4.0,3.0,2.0,1.0,3,1165.0,690,volleyball,2,2,1315,125.0
3.0,1,1,430,3.0,315.0,2,"Pizza, soda, chocolate brownie, chicken tikka masala and butter naan ",2.0,1,1.0,1,1.0,12,5,2.0,5,2.0,5.0,Clinical Researcher,4,1.0,"Chicken Biryani, Dad's burgers, Chicken curry",1,5,1,5,7,A healthy meal constitutes of balanced diet with fruits and veggies dominating the plate. ,1,1.0,5,5,6.0,1.0,"Marinated nuts, prawn crackers, drink of their choice, mixed veggie crackersRice, chicken curry, lentil, pickle, potato kebabLemon Meringue Pie",4.0,Supervisor,4,1.0,1,3,4.0,4.0,1.0,2.0,4,580.0,500,None,5,2,760,130.0
3.8,1,1,430,3.0,420.0,1,"Chocolate, Pasta, Cookies",2.0,1,1.0,1,1.0,2,2,2.0,4,1.0,3.0,Retired ,1,3.0,dino chicken nuggets,1,4,2,3,5,To me a healthy meal is balanced and ,2,4.0,3,5,4.0,1.0,"Pasta, Croque Madam, chicken ",3.0,Travel Agent,2,1.0,1,3,2.0,4.0,1.0,2.0,5,1165.0,690,I used to play softball ,4,2,900,165.0
3.8,1,1,430,2.0,420.0,2,"Candy, salty snacks, toast",5.0,1,1.0,1,2.0,2,2,3.0,2,1.0,4.0,Sales,1,2.0,Spaghetti and chicken parm,1,5,2,2,6,"equal portions of carbs, proteins and fruits/veges",1,6.0,5,5,5.0,2.0,"Steak, salmon, chicken parm",3.0,Real Estate,4,1.0,2,3,2.0,3.0,1.0,1.0,2,580.0,345,Ice hockey,5,2,760,128.0
3.4,1,1,610,3.0,420.0,2,"Mac in cheese, pizza, mozzarella sticks ",2.0,1,1.0,2,2.0,5,3,2.0,2,3.0,5.0,School Library Media Specialist ,1,2.0,Chicken parm. ,1,4,2,2,5,Salad with chicken and vegetables with a raspberry vinaigrette ,2,6.0,1,5,1.0,1.0,"Spaghetti, Grilled Chicken, Pizza ",5.0,School Library Media Specialist ,4,1.0,2,3,1.0,5.0,1.0,2.0,2,940.0,690, None,3,1,1315,200.0
3.7,1,1,610,3.0,315.0,1,"Ice-cream, pizza, chocolate",3.0,3,2.0,2,1.0,3,4,3.0,3,2.0,4.0,Retired,1,1.0,Spaghetti,1,3,4,4,8,"It includes a protein, vegetable, fruit, and grain. ",2,3.0,3,5,9.0,2.0,"Grilled chicken, Spaghetti, Alfredo ",4.0,Deceased,3,2.0,2,4,4.0,3.0,1.0,1.0,3,580.0,690,Volleyball,3,2,900,160.0
2.9,2,1,265,2.0,980.0,2,"snacks, chips, ",2.0,2,1.0,1,2.0,5,2,2.0,3,2.0,2.0,,0,1.0,"Pizza, Pita, Lasagna",1,3,3,5,9,low calories plenty of veggies,2,5.0,1,3,7.0,1.0,,2.0,,4,3.0,1,6,1.0,3.0,1.0,2.0,1,725.0,345,,3,2,1315,170.0
3.9,1,1,610,4.0,315.0,2,"Chocolate, Ice cream, pizza",1.0,3,1.0,1,1.0,5,4,3.0,5,1.0,5.0,Mechanical Engineer ,1,3.0,"Mac & Cheese, Chicken, Stir Fry ",1,5,4,5,10,A pice of meat such as chicken with a side of vegetables and possibly a salad,4,6.0,5,5,9.0,2.0,"Dinner, Lunch, Dessert ",5.0,Fourth Grade Teacher ,4,1.0,2,3,5.0,3.0,1.0,2.0,5,725.0,500,,3,2,900,129.0
3.6,1,1,430,2.0,420.0,1,"ice cream, pizza, Chinese food ",2.0,2,1.0,2,2.0,2,3,2.0,3,2.0,4.0,Teacher,1,1.0,Mac and Cheese ,1,4,4,3,9,"Blackened Chicken, broccoli, and milk",7,6.0,2,5,1.0,2.0,"Beef Stroganoff, Chicken and Mashed Potatoes, Tacos ",4.0,Accountant ,4,1.0,2,3,3.0,4.0,1.0,2.0,2,1165.0,690,None,2,2,900,170.0
2.8,2,1,610,3.0,315.0,2,"Burgers, indian and korean food",3.0,3,4.0,2,2.0,10,3,3.0,4,2.0,5.0,Politician,4,3.0,"Dumplings, Chicken Curry and Pizza",1,4,2,3,7,"Meat, greens and food containing protein",2,3.0,5,4,7.0,2.0,"Meat, meat and meat",5.0,"Works in WWF, world wild life fund",3,1.0,1,5,3.0,1.0,1.0,1.0,5,940.0,850,"Tennis, Basketball",3,2,760,138.0
3.3,2,1,610,4.0,980.0,2,"chocolate bar, ice cream, pretzels, potato chips and protein bars.",4.0,1,1.0,2,2.0,3,2,2.0,2,1.0,5.0,Pharmaceutical,0,3.0,"Pasta, Pizza, Popcorn",1,5,1,1,10,Intaking the proper amount of each food group,3,6.0,1,4,10.0,2.0,"Pasta, Chicken, Pizza",5.0,Health teacher,1,1.0,1,5,2.0,2.0,1.0,1.0,1,1165.0,690,Hockey,2,2,1315,150.0
3.4,1,1,610,3.0,420.0,2,"Ice cream, chocolate, pizza, cucumber ",3.0,2,1.0,2,1.0,3,4,3.0,4,2.0,3.0,Business Man,4,2.0,"Fry Chicken, Rice Vegetable",1,5,1,1,5,BBQ Chicken with mash sweat potatoes and steam vegetable with corn and a glass of water.,5,1.0,3,5,2.0,1.0,"Rice and Peas and Chicken, Jerk Chicken and Shrimp",3.0,Business Woman,2,1.0,2,3,1.0,4.0,1.0,2.0,5,725.0,345,none,5,1,1315,170.0
3.77,1,1,610,3.0,315.0,2,"Noodle ( any kinds of noodle), Tuna sandwich, and Egg.",3.0,5,4.0,1,1.0,5,2,2.0,4,1.0,2.0,His own business,4,3.0,"Noodle, Wings, and Tiramisu",1,3,2,2,9,Including both vegetable and meat,2,2.0,2,4,7.0,1.0,"Vietnamese fried rolls, Pho, Some kinds of noodles.",2.0,Her own business,2,1.0,1,2,2.0,4.0,1.0,2.0,5,725.0,690,"No, I don't play sport.",3,1,760,113.0
3.63,1,1,430,3.0,420.0,1,"Chinese, chips, cake",3.0,1,1.0,2,1.0,5,2,2.0,4,2.0,2.0,HVAC technician ,5,1.0,Chinese,1,5,2,3,5,Chicken vegetables and fruit for dinner ,5,3.0,3,5,8.0,2.0,Chinese tacos or pasta ,2.0,Grieveance coordinator of the SCI albion prison ,2,3.0,3,4,2.0,4.0,1.0,2.0,4,940.0,345,None,5,2,1315,140.0
3.2,2,1,610,3.0,420.0,2,"chips, rice, chicken curry,",2.0,7,5.0,2,1.0,5,2,2.0,5,2.0,5.0,United Nations,8,3.0,"pizza, burger, pasta",1,5,4,5,7,A diet that is well balanced in most of the nutrients needed for the body.,3,2.0,5,5,6.0,2.0,"Chicken, Rice, Vegetables",5.0,Banker,2,1.0,1,3,5.0,4.0,1.0,1.0,5,1165.0,690,Soccer,5,2,1315,185.0
3.5,1,1,610,4.0,420.0,2,"wine. mac and cheese, pizza, ice cream ",3.0,2,1.0,2,2.0,3,2,1.0,4,2.0,4.0,Accountant ,1,1.0,Stromboli Mac and Cheese and Pizza,1,5,4,5,5,mainly protein and vegetables with a complex carb ,6,4.0,3,5,7.0,1.0,"pasta, fish, steak",3.0,Radiological Technician ,5,3.0,1,4,3.0,4.0,1.0,1.0,5,940.0,500,Softball,5,1,1315,156.0
3.0,1,1,265,2.0,315.0,2,Pizza / Wings / Cheesecake,3.0,3,1.0,2,1.0,3,4,3.0,3,2.0,5.0,Doctor,2,1.0,"Isombe , Plantains and Ugali",1,4,4,1,5,"A healthy meal is a variety of food , organic food that gives you the nutrients such as protein , carbohydrates , fat , water , vitamins and minerals.",5,2.0,5,5,7.0,1.0,"Fried Rice Baked potatoes Curry Chicken",2.0,Public Health Advisor ,3,1.0,3,4,1.0,4.0,1.0,1.0,4,940.0,500,basketball ,5,2,1315,180.0
3.882,1,1,720,3.0,420.0,1,"rice, potato, seaweed soup",3.0,3,1.0,2,1.0,3,3,3.0,5,2.0,5.0,CEO of company,4,1.0,Rice and potato,1,4,3,5,6,lots of vegetables,2,2.0,5,3,10.0,1.0,"meat, rice, kimchi",1.0,Real Estate manageer,3,1.0,2,4,5.0,4.0,1.0,2.0,5,580.0,690,none,4,2,1315,120.0
3.0,2,1,720,4.0,420.0,1,"Mac n Cheese, Lasagna, Pizza",3.0,7,1.0,1,2.0,8,5,2.0,2,1.0,3.0,Store manager at Giant Eagle,1,3.0,pizza and spaghetti ,1,5,1,1,1,"A protein, a fruit, a starch, and a salad or some sort of vegetable.",6,4.0,1,5,1.0,1.0,"Pizza, Spaghetti, Baked Ziti",2.0,Receptionist for a medical supply company,4,1.0,2,3,1.0,2.0,2.0,2.0,1,940.0,500,,3,1,1315,135.0
3.9,1,1,430,3.0,315.0,2,"Chocolates, pizza, and Ritz.",3.0,5,3.0,1,1.0,5,1,2.0,3,2.0,4.0,Journalist,2,1.0,"rice, beans, and chicken / pizza/ tenders",1,3,3,2,3,"a cup of rice, vegetables, and meat. ",3,5.0,2,3,5.0,2.0,"Vegetables, Meat, and rice.",3.0,House-wife,5,1.0,3,3,2.0,3.0,1.0,2.0,2,725.0,345,,4,2,575,135.0
